Internal ID,Name,Short name,URL name,Tags,Home page,Publication scheme,Disclosure log,Notes,Created at,Updated at,Version,Registrator e-mail,Regular e-mail
9692,Bromma stadsdelsförvaltning,,bromma_stadsdelsforvaltning,stadsdelsforvaltning stockholm not_many_requests,https://www.stockholm.se/OmStockholm/Forvaltningar-och-bolag/Stadsdelsforvaltningar/#listrad_Bromma,,,,2019-03-25 22:07:24 +0100,2025-09-13 04:55:05 +0200,4,registrator@stockholm.se,
9693,Enskede-Årsta-Vantör stadsdelsförvaltning,,enskede_arsta_vantor_stadsdelsforvaltning,stadsdelsforvaltning stockholm not_many_requests,https://www.stockholm.se/OmStockholm/Forvaltningar-och-bolag/Stadsdelsforvaltningar/#listrad_Enskede-Arsta-Vantor,,,,2019-03-25 22:07:24 +0100,2023-11-08 04:55:16 +0100,4,registrator@stockholm.se,
9694,Farsta stadsdelsförvaltning,,farsta_stadsdelsforvaltning,stadsdelsforvaltning stockholm not_many_requests,https://www.stockholm.se/OmStockholm/Forvaltningar-och-bolag/Stadsdelsforvaltningar/#listrad_Farsta,,,,2019-03-25 22:07:24 +0100,2023-02-18 17:57:06 +0100,4,registrator@stockholm.se,
9695,Hägersten-Älvsjö stadsdelsförvaltning,,hagersten_alvsjo_stadsdelsforvaltning,stadsdelsforvaltning stockholm not_many_requests,https://start.stockholm/om-stockholms-stad/organisation/stadsdelsforvaltningar/hagersten-alvsjo/,,,,2019-03-25 22:07:24 +0100,2023-10-02 04:55:13 +0200,4,registrator@stockholm.se,
9696,Hässelby-Vällingby stadsdelsförvaltning,,hasselby_vallingby_stadsdelsforvaltning,stadsdelsforvaltning stockholm not_many_requests,https://www.stockholm.se/OmStockholm/Forvaltningar-och-bolag/Stadsdelsforvaltningar/#listrad_Hasselby-Vallingby,,,,2019-03-25 22:07:24 +0100,2023-02-18 17:57:13 +0100,4,registrator@stockholm.se,
9697,Kungsholmens stadsdelsförvaltning,,kungsholmens_stadsdelsforvaltning,stadsdelsforvaltning stockholm not_many_requests,https://www.stockholm.se/OmStockholm/Forvaltningar-och-bolag/Stadsdelsforvaltningar/#listrad_Kungsholmen,,,,2019-03-25 22:07:24 +0100,2023-11-11 04:55:12 +0100,4,registrator@stockholm.se,
9698,Norrmalms stadsdelsförvaltning,,norrmalms_stadsdelsforvaltning,stadsdelsforvaltning stockholm not_many_requests,https://www.stockholm.se/OmStockholm/Forvaltningar-och-bolag/Stadsdelsforvaltningar/#listrad_Norrmalm,,,,2019-03-25 22:07:25 +0100,2023-02-18 17:57:29 +0100,4,registrator@stockholm.se,
9699,Rinkeby-Kista stadsdelsförvaltning,,rinkeby_kista_stadsdelsforvaltning,stadsdelsforvaltning stockholm not_many_requests,https://www.stockholm.se/OmStockholm/Forvaltningar-och-bolag/Stadsdelsforvaltningar/#listrad_Rinkeby-Kista,,,,2019-03-25 22:07:25 +0100,2023-10-14 04:55:12 +0200,4,registrator@stockholm.se,
9700,Skarpnäcks stadsdelsförvaltning,,skarpnacks_stadsdelsforvaltning,stadsdelsforvaltning stockholm not_many_requests,https://www.stockholm.se/OmStockholm/Forvaltningar-och-bolag/Stadsdelsforvaltningar/#listrad_Skarpnack,,,,2019-03-25 22:07:25 +0100,2023-02-18 17:57:38 +0100,4,registrator@stockholm.se,
9701,Skärholmens stadsdelsförvaltning,,skarholmens_stadsdelsforvaltning,stadsdelsforvaltning stockholm not_many_requests,https://www.stockholm.se/OmStockholm/Forvaltningar-och-bolag/Stadsdelsforvaltningar/#listrad_Skarholmen,,,,2019-03-25 22:07:25 +0100,2023-02-18 17:57:39 +0100,4,registrator@stockholm.se,
9702,Spånga-Tensta stadsdelsförvaltning,,spanga_tensta_stadsdelsforvaltning,stadsdelsforvaltning stockholm not_many_requests,https://www.stockholm.se/OmStockholm/Forvaltningar-och-bolag/Stadsdelsforvaltningar/#listrad_Spanga-Tensta,,,,2019-03-25 22:07:25 +0100,2023-02-18 17:57:40 +0100,4,registrator@stockholm.se,
9703,Södermalms stadsdelsförvaltning,,sodermalms_stadsdelsforvaltning,stadsdelsforvaltning stockholm not_many_requests,https://www.stockholm.se/OmStockholm/Forvaltningar-och-bolag/Stadsdelsforvaltningar/#listrad_Sodermalm,,,,2019-03-25 22:07:25 +0100,2023-02-18 17:57:47 +0100,4,registrator@stockholm.se,
9704,Älvsjö stadsdelsförvaltning,,alvsjo_stadsdelsforvaltning,stadsdelsforvaltning stockholm defunct,https://www.stockholm.se/OmStockholm/Forvaltningar-och-bolag/Stadsdelsforvaltningar/#listrad_Alvsjo,,,,2019-03-25 22:07:25 +0100,2023-02-18 17:58:03 +0100,5,registrator@stockholm.se,
9705,Östermalms stadsdelsförvaltning,,ostermalms_stadsdelsforvaltning,stadsdelsforvaltning stockholm not_many_requests,https://www.stockholm.se/OmStockholm/Forvaltningar-och-bolag/Stadsdelsforvaltningar/#listrad_Ostermalm,,,,2019-03-25 22:07:25 +0100,2023-02-18 17:58:04 +0100,4,registrator@stockholm.se,
9706,Upplands Väsby kommun,,upplands_vasby_kommun,kommun stockholm not_many_requests,https://www.upplandsvasby.se,,,,2019-03-25 22:07:25 +0100,2023-03-30 04:55:09 +0200,4,registrator@upplandsvasby.se,kommun@upplandsvasby.se
9707,Vallentuna kommun,,vallentuna_kommun,kommun stockholm not_many_requests,https://www.vallentuna.se,,,,2019-03-25 22:07:25 +0100,2023-03-30 04:55:09 +0200,4,registrator@vallentuna.se,kommun@vallentuna.se
9708,Österåkers kommun,,osterakers_kommun,kommun stockholm not_many_requests,https://www.osteraker.se,,,,2019-03-25 22:07:25 +0100,2023-10-07 04:55:15 +0200,4,registrator@osteraker.se,kommun@osteraker.se
9709,Värmdö kommun,,varmdo_kommun,kommun stockholm not_many_requests,https://www.varmdo.se,,,,2019-03-25 22:07:25 +0100,2025-04-10 04:57:11 +0200,4,registrator@varmdo.se,kommun@varmdo.se
9710,Järfälla kommun,,jarfalla_kommun,kommun stockholm not_many_requests,https://www.jarfalla.se,,,,2019-03-25 22:07:26 +0100,2025-10-15 04:55:05 +0200,4,registrator@jarfalla.se,kommun@jarfalla.se
9711,Ekerö kommun,,ekero_kommun,kommun stockholm not_many_requests,https://www.ekero.se,,,,2019-03-25 22:07:26 +0100,2023-03-30 04:55:09 +0200,4,registrator@ekero.se,kommun@ekero.se
9712,Huddinge kommun,,huddinge_kommun,kommun stockholm not_many_requests,https://www.huddinge.se,,,,2019-03-25 22:07:26 +0100,2025-04-03 04:55:51 +0200,4,registrator@huddinge.se,kommun@huddinge.se
9713,Botkyrka kommun,,botkyrka_kommun,kommun stockholm not_many_requests,https://www.botkyrka.se,,,,2019-03-25 22:07:26 +0100,2023-03-30 04:55:09 +0200,4,registrator@botkyrka.se,kommun@botkyrka.se
9714,Salems kommun,,salems_kommun,kommun stockholm not_many_requests,https://www.salem.se,,,,2019-03-25 22:07:26 +0100,2023-03-30 04:55:09 +0200,4,registrator@salem.se,kommun@salem.se
9715,Haninge kommun,,haninge_kommun,kommun stockholm not_many_requests,https://www.haninge.se,,,,2019-03-25 22:07:26 +0100,2025-01-14 04:55:39 +0100,4,registrator@haninge.se,kommun@haninge.se
9716,Tyresö kommun,,tyreso_kommun,kommun stockholm not_many_requests,https://www.tyreso.se,,,,2019-03-25 22:07:26 +0100,2025-04-03 04:55:51 +0200,4,registrator@tyreso.se,kommun@tyreso.se
9717,Upplands-Bro kommun,,upplands_bro_kommun,kommun stockholm not_many_requests,https://www.upplands-bro.se,,,,2019-03-25 22:07:26 +0100,2025-06-03 04:55:16 +0200,4,registrator@upplands-bro.se,kommun@upplands-bro.se
9718,Nykvarns kommun,,nykvarns_kommun,kommun stockholm not_many_requests,https://www.nykvarn.se,,,,2019-03-25 22:07:26 +0100,2025-08-01 04:55:05 +0200,4,registrator@nykvarn.se,kommun@nykvarn.se
9719,Täby kommun,,taby_kommun,kommun stockholm,https://www.taby.se,,,,2019-03-25 22:07:26 +0100,2023-03-30 04:55:10 +0200,5,registrator@taby.se,kommun@taby.se
9720,Danderyds kommun,,danderyds_kommun,kommun stockholm not_many_requests,https://www.danderyd.se,,,,2019-03-25 22:07:26 +0100,2025-01-01 04:55:12 +0100,4,registrator@danderyd.se,kommun@danderyd.se
9721,Sollentuna kommun,,sollentuna_kommun,kommun stockholm not_many_requests,https://www.sollentuna.se,,,,2019-03-25 22:07:26 +0100,2023-10-17 04:55:13 +0200,4,registrator@sollentuna.se,kommun@sollentuna.se
9722,Stockholms stad,,stockholms_stad,kommun stockholm,https://www.stockholm.se,,,,2019-03-25 22:07:26 +0100,2025-10-29 04:55:06 +0100,4,registrator@stockholm.se,
9723,Södertälje kommun,,sodertalje_kommun,kommun stockholm not_many_requests,https://www.sodertalje.se,,,,2019-03-25 22:07:27 +0100,2025-01-11 04:55:44 +0100,4,registrator@sodertalje.se,kommun@sodertalje.se
9724,Nacka kommun,,nacka_kommun,kommun stockholm not_many_requests,https://www.nacka.se,,,,2019-03-25 22:07:27 +0100,2025-04-03 04:55:51 +0200,4,registrator@nacka.se,kommun@nacka.se
9725,Sundbybergs stad,,sundbybergs_stad,kommun stockholm not_many_requests,https://www.sundbyberg.se,,,,2019-03-25 22:07:27 +0100,2025-05-03 04:58:18 +0200,4,registrator@sundbyberg.se,kommun@sundbyberg.se
9726,Solna stad,,solna_stad,kommun stockholm not_many_requests,https://www.solna.se,,,,2019-03-25 22:07:27 +0100,2025-01-14 04:55:39 +0100,4,registrator@solna.se,kommun@solna.se
9727,Lidingö stad,,lidingo_stad,kommun stockholm not_many_requests,https://www.lidingo.se,,,,2019-03-25 22:07:27 +0100,2025-04-05 04:55:59 +0200,4,registrator@lidingo.se,kommun@lidingo.se
9728,Vaxholms stad,,vaxholms_stad,kommun stockholm not_many_requests,https://www.vaxholm.se,,,,2019-03-25 22:07:27 +0100,2023-03-30 04:55:10 +0200,4,registrator@vaxholm.se,kommun@vaxholm.se
9729,Norrtälje kommun,,norrtalje_kommun,kommun stockholm not_many_requests,https://www.norrtalje.se,,,,2019-03-25 22:07:27 +0100,2023-03-30 04:55:10 +0200,4,registrator@norrtalje.se,kommun@norrtalje.se
9730,Sigtuna kommun,,sigtuna_kommun,kommun stockholm not_many_requests,https://www.sigtuna.se,,,,2019-03-25 22:07:27 +0100,2025-01-23 04:55:14 +0100,4,registrator@sigtuna.se,kommun@sigtuna.se
9731,Nynäshamns kommun,,nynashamns_kommun,kommun stockholm not_many_requests,https://www.nynashamn.se,,,,2019-03-25 22:07:27 +0100,2023-03-30 04:55:10 +0200,4,registrator@nynashamn.se,kommun@nynashamn.se
9732,Håbo kommun,haabo_municipality,haabo_municipality,kommun uppsala not_many_requests,https://www.habo.se,,,,2019-03-25 22:07:27 +0100,2023-03-30 04:55:10 +0200,6,registrator@habo.se,kommun@habo.se
9733,Älvkarleby kommun,,alvkarleby_kommun,kommun uppland not_many_requests,https://www.alvkarleby.se,,,,2019-03-25 22:07:27 +0100,2023-03-30 04:55:10 +0200,4,registrator@alvkarleby.se,kommun@alvkarleby.se
9734,Knivsta kommun,,knivsta_kommun,kommun uppsala not_many_requests,https://www.knivsta.se,,,,2019-03-25 22:07:27 +0100,2023-03-30 04:55:10 +0200,4,registrator@knivsta.se,kommun@knivsta.se
9735,Heby kommun,,heby_kommun,kommun uppsala not_many_requests,https://www.heby.se,,,,2019-03-25 22:07:28 +0100,2025-01-18 04:55:44 +0100,4,registrator@heby.se,kommun@heby.se
9736,Tierps kommun,,tierps_kommun,kommun uppsala not_many_requests,https://www.tierp.se,,,,2019-03-25 22:07:28 +0100,2024-02-08 04:55:17 +0100,4,registrator@tierp.se,kommun@tierp.se
9737,Uppsala kommun,,uppsala_kommun,kommun uppsala not_many_requests,https://www.uppsala.se,,,,2019-03-25 22:07:28 +0100,2023-03-30 04:55:10 +0200,4,registrator@uppsala.se,kommun@uppsala.se
9738,Enköpings kommun,,enkopings_kommun,kommun uppsala not_many_requests,https://www.enkoping.se,,,,2019-03-25 22:07:28 +0100,2025-01-04 04:55:23 +0100,4,registrator@enkoping.se,kommun@enkoping.se
9739,Östhammars kommun,,osthammars_kommun,kommun uppsala not_many_requests,https://www.osthammar.se,,,,2019-03-25 22:07:28 +0100,2025-01-24 04:55:39 +0100,4,registrator@osthammar.se,kommun@osthammar.se
9740,Vingåkers kommun,,vingakers_kommun,kommun sodermanland not_many_requests,https://www.vingaker.se,,,,2019-03-25 22:07:28 +0100,2025-01-25 04:55:38 +0100,4,registrator@vingaker.se,kommun@vingaker.se
9741,Gnesta kommun,,gnesta_kommun,kommun sormland not_many_requests,https://www.gnesta.se,,,,2019-03-25 22:07:28 +0100,2025-02-07 04:55:54 +0100,4,registrator@gnesta.se,kommun@gnesta.se
9742,Nyköpings kommun,,nykopings_kommun,kommun sodermanland not_many_requests,https://www.nykoping.se,,,,2019-03-25 22:07:28 +0100,2023-03-30 04:55:10 +0200,4,registrator@nykoping.se,kommun@nykoping.se
9743,Oxelösunds kommun,,oxelosunds_kommun,kommun sodermanland not_many_requests,https://www.oxelosund.se,,,,2019-03-25 22:07:28 +0100,2025-04-06 04:55:42 +0200,4,registrator@oxelosund.se,kommun@oxelosund.se
9744,Flens kommun,,flens_kommun,kommun sodermanland not_many_requests,https://www.flen.se,,,,2019-03-25 22:07:28 +0100,2025-01-09 04:55:25 +0100,4,registrator@flen.se,kommun@flen.se
9745,Katrineholms kommun,,katrineholms_kommun,kommun sodermanland not_many_requests,https://www.katrineholm.se,,,,2019-03-25 22:07:28 +0100,2023-03-30 04:55:10 +0200,4,registrator@katrineholm.se,kommun@katrineholm.se
9746,Eskilstuna kommun,,eskilstuna_kommun,kommun sormland not_many_requests,https://eskilstuna.se/,,,,2019-03-25 22:07:28 +0100,2025-01-11 04:55:45 +0100,4,registrator@eskilstuna.se,kommun@eskilstuna.se
9747,Strängnäs kommun,,strangnas_kommun,kommun sodermanland not_many_requests,https://www.strangnas.se,,,,2019-03-25 22:07:29 +0100,2023-03-30 04:55:10 +0200,4,registrator@strangnas.se,kommun@strangnas.se
9748,Trosa kommun,,trosa_kommun,kommun sodermanland not_many_requests,https://www.trosa.se,,,,2019-03-25 22:07:29 +0100,2025-01-25 04:55:38 +0100,4,registrator@trosa.se,kommun@trosa.se
9749,Ödeshögs kommun,,odeshogs_kommun,kommun ostergotland not_many_requests,https://www.odeshog.se,,,,2019-03-25 22:07:29 +0100,2023-03-30 04:55:10 +0200,4,registrator@odeshog.se,kommun@odeshog.se
9750,Ydre kommun,,ydre_kommun,kommun ostergotland not_many_requests,https://www.ydre.se,,,,2019-03-25 22:07:29 +0100,2023-03-30 04:55:10 +0200,5,registrator@ydre.se,kommun@ydre.se
9751,Kinda kommun,,kinda_kommun,kommun ostergotland not_many_requests,https://www.kinda.se,,,,2019-03-25 22:07:29 +0100,2023-03-30 04:55:10 +0200,4,registrator@kinda.se,kommun@kinda.se
9752,Boxholms kommun,,boxholms_kommun,kommun ostergotland not_many_requests,https://www.boxholm.se,,,,2019-03-25 22:07:29 +0100,2025-01-09 04:55:25 +0100,4,registrator@boxholm.se,kommun@boxholm.se
9753,Åtvidabergs kommun,,atvidabergs_kommun,kommun ostergotland not_many_requests,https://www.atvidaberg.se,,,,2019-03-25 22:07:29 +0100,2025-01-08 04:56:36 +0100,4,registrator@atvidaberg.se,kommun@atvidaberg.se
9754,Finspångs kommun,,finspangs_kommun,kommun ostergotland not_many_requests,https://www.finspang.se,,,,2019-03-25 22:07:29 +0100,2025-04-03 04:55:51 +0200,4,registrator@finspang.se,kommun@finspang.se
9755,Valdemarsviks kommun,,valdemarsviks_kommun,kommun ostergotland not_many_requests,https://www.valdemarsvik.se,,,,2019-03-25 22:07:29 +0100,2025-01-29 04:55:13 +0100,4,registrator@valdemarsvik.se,kommun@valdemarsvik.se
9756,Linköpings kommun,,linkopings_kommun,kommun ostergotland not_many_requests,https://www.linkoping.se,,,,2019-03-25 22:07:29 +0100,2025-06-13 04:55:29 +0200,5,registrator@linkoping.se,kommun@linkoping.se
9757,Norrköpings kommun,,norrkopings_kommun,kommun ostergotland not_many_requests,https://www.norrkoping.se,,,,2019-03-25 22:07:29 +0100,2025-01-14 04:55:40 +0100,4,registrator@norrkoping.se,kommun@norrkoping.se
9758,Söderköpings kommun,,soderkopings_kommun,kommun ostergotland not_many_requests,https://www.soderkoping.se,,,,2019-03-25 22:07:29 +0100,2023-03-30 04:55:10 +0200,4,registrator@soderkoping.se,kommun@soderkoping.se
9759,Motala kommun,,motala_kommun,kommun ostergotland not_many_requests,https://www.motala.se/kommun,,,,2019-03-25 22:07:29 +0100,2025-01-18 04:55:44 +0100,4,registrator@motala.se,kommun@motala.se
9760,Vadstena kommun,,vadstena_kommun,kommun ostergotland not_many_requests,https://www.vadstena.se,,,,2019-03-25 22:07:30 +0100,2023-03-30 04:55:10 +0200,4,registrator@vadstena.se,kommun@vadstena.se
9761,Mjölby kommun,,mjolby_kommun,kommun ostergotland not_many_requests,https://www.mjolby.se,,,,2019-03-25 22:07:30 +0100,2023-03-30 04:55:10 +0200,4,registrator@mjolby.se,kommun@mjolby.se
9762,Aneby kommun,,aneby_kommun,kommun jonkoping not_many_requests,https://www.aneby.se,,,,2019-03-25 22:07:30 +0100,2025-05-31 04:55:42 +0200,4,registrator@aneby.se,kommun@aneby.se
9763,Gnosjö kommun,,gnosjo_kommun,kommun jonkoping not_many_requests,https://www.gnosjo.se,,,,2019-03-25 22:07:30 +0100,2025-01-09 04:55:25 +0100,5,registrator@gnosjo.se,kommun@gnosjo.se
9764,Mullsjö kommun,,mullsjo_kommun,kommun jonkoping not_many_requests,https://www.mullsjo.se,,,,2019-03-25 22:07:30 +0100,2023-03-30 04:55:10 +0200,4,registrator@mullsjo.se,kommun@mullsjo.se
9765,Habo kommun,,habo_kommun,kommun jonkoping not_many_requests,https://www.habokommun.se,,,,2019-03-25 22:07:30 +0100,2023-03-30 04:55:10 +0200,4,registrator@habokommun.se,kommun@habokommun.se
9766,Gislaveds kommun,,gislaveds_kommun,kommun jonkoping not_many_requests,https://www.gislaved.se,,,,2019-03-25 22:07:30 +0100,2025-01-08 04:56:36 +0100,4,registrator@gislaved.se,kommun@gislaved.se
9767,Vaggeryds kommun,,vaggeryds_kommun,kommun jonkoping not_many_requests,https://www.vaggeryd.se,,,,2019-03-25 22:07:30 +0100,2023-03-30 04:55:10 +0200,4,registrator@vaggeryd.se,kommun@vaggeryd.se
9768,Jönköpings kommun,,jonkopings_kommun,kommun jonkoping not_many_requests,https://www.jonkoping.se,,,,2019-03-25 22:07:30 +0100,2025-01-15 04:55:52 +0100,4,registrator@jonkoping.se,kommun@jonkoping.se
9769,Nässjö kommun,,nassjo_kommun,kommun jonkoping not_many_requests,https://www.nassjo.se,,,,2019-03-25 22:07:30 +0100,2025-01-14 04:55:41 +0100,5,registrator@nassjo.se,kommun@nassjo.se
9770,Värnamo kommun,,varnamo_kommun,kommun jonkoping not_many_requests,https://www.varnamo.se,,,,2019-03-25 22:07:31 +0100,2025-01-30 04:55:18 +0100,4,registrator@varnamo.se,kommun@varnamo.se
9771,Sävsjö kommun,,savsjo_kommun,kommun jonkoping not_many_requests,https://www.savsjo.se,,,,2019-03-25 22:07:31 +0100,2025-01-11 04:55:45 +0100,4,registrator@savsjo.se,kommun@savsjo.se
9772,Vetlanda kommun,,vetlanda_kommun,kommun jonkoping not_many_requests,https://www.vetlanda.se,,,,2019-03-25 22:07:31 +0100,2025-01-25 04:55:39 +0100,4,registrator@vetlanda.se,kommun@vetlanda.se
9773,Eksjö kommun,,eksjo_kommun,kommun jonkoping not_many_requests,https://www.eksjo.se,,,,2019-03-25 22:07:31 +0100,2025-01-01 04:55:13 +0100,4,registrator@eksjo.se,kommun@eksjo.se
9774,Tranås kommun,,tranas_kommun,kommun jonkoping not_many_requests,https://www.tranas.se,,,,2019-03-25 22:07:31 +0100,2025-01-25 04:55:39 +0100,4,registrator@tranas.se,kommun@tranas.se
9775,Uppvidinge kommun,,uppvidinge_kommun,kommun kronoberg not_many_requests,https://www.uppvidinge.se,,,,2019-03-25 22:07:31 +0100,2024-02-18 04:55:36 +0100,4,registrator@uppvidinge.se,kommun@uppvidinge.se
9776,Lessebo kommun,,lessebo_kommun,kommun kronoberg not_many_requests,https://www.lessebo.se,,,,2019-03-25 22:07:31 +0100,2025-01-14 04:55:41 +0100,4,registrator@lessebo.se,kommun@lessebo.se
9777,Tingsryds kommun,,tingsryds_kommun,kommun kronoberg not_many_requests,https://www.tingsryd.se,,,,2019-03-25 22:07:31 +0100,2025-01-14 04:55:41 +0100,4,registrator@tingsryd.se,kommun@tingsryd.se
9778,Alvesta kommun,,alvesta_kommun,kommun kronoberg not_many_requests,https://www.alvesta.se,,,,2019-03-25 22:07:31 +0100,2025-01-04 04:55:24 +0100,4,registrator@alvesta.se,kommun@alvesta.se
9779,Älmhults kommun,,almhults_kommun,kommun kronoberg not_many_requests,https://www.almhult.se,,,,2019-03-25 22:07:31 +0100,2023-03-30 04:55:10 +0200,4,registrator@almhult.se,kommun@almhult.se
9780,Markaryds kommun,,markaryds_kommun,kommun kronoberg not_many_requests,https://www.markaryd.se,,,,2019-03-25 22:07:31 +0100,2023-03-30 04:55:10 +0200,4,registrator@markaryd.se,kommun@markaryd.se
9781,Växjö kommun,,vaxjo_kommun,kommun kronoberg not_many_requests,https://www.vaxjo.se,,,,2019-03-25 22:07:31 +0100,2025-02-05 04:55:25 +0100,4,registrator@vaxjo.se,kommun@vaxjo.se
9782,Ljungby kommun,,ljungby_kommun,kommun kronoberg not_many_requests,https://www.ljungby.se,,,,2019-03-25 22:07:32 +0100,2025-06-26 04:55:11 +0200,4,registrator@ljungby.se,kommun@ljungby.se
9783,Högsby kommun,,hogsby_kommun,kommun kalmar not_many_requests,https://www.hogsby.se,,,,2019-03-25 22:07:32 +0100,2025-01-03 04:55:29 +0100,4,registrator@hogsby.se,kommun@hogsby.se
9784,Torsås kommun,,torsas_kommun,kommun kalmar not_many_requests,https://www.torsas.se,,,,2019-03-25 22:07:32 +0100,2025-01-25 04:55:39 +0100,4,registrator@torsas.se,kommun@torsas.se
9785,Mörbylånga kommun,,morbylanga_kommun,kommun kalmar not_many_requests,https://www.morbylanga.se,,,,2019-03-25 22:07:32 +0100,2025-01-14 04:55:41 +0100,4,registrator@morbylanga.se,kommun@morbylanga.se
9786,Hultsfreds kommun,,hultsfreds_kommun,kommun kalmar not_many_requests,https://www.hultsfred.se,,,,2019-03-25 22:07:32 +0100,2025-01-08 04:56:37 +0100,4,registrator@hultsfred.se,kommun@hultsfred.se
9787,Mönsterås kommun,,monsteras_kommun,kommun kalmar not_many_requests,https://www.monsteras.se,,,,2019-03-25 22:07:32 +0100,2023-03-30 04:55:11 +0200,4,registrator@monsteras.se,kommun@monsteras.se
9788,Emmaboda kommun,,emmaboda_kommun,kommun kalmar not_many_requests,https://www.emmaboda.se,,,,2019-03-25 22:07:32 +0100,2025-01-14 04:55:41 +0100,4,registrator@emmaboda.se,kommun@emmaboda.se
9789,Kalmar kommun,,kalmar_kommun,kommun kalmar,https://www.kalmar.se,,,,2019-03-25 22:07:32 +0100,2025-01-11 04:55:46 +0100,4,registrator@kalmar.se,kommun@kalmar.se
9790,Nybro kommun,,nybro_kommun,kommun kalmar not_many_requests,https://www.nybro.se,,,,2019-03-25 22:07:32 +0100,2025-01-14 04:55:41 +0100,4,registrator@nybro.se,kommun@nybro.se
9791,Oskarshamns kommun,,oskarshamns_kommun,kommun kalmar not_many_requests,https://www.oskarshamn.se,,,,2019-03-25 22:07:32 +0100,2025-01-14 04:55:41 +0100,4,registrator@oskarshamn.se,kommun@oskarshamn.se
9792,Västerviks kommun,,vasterviks_kommun,kommun kalmar not_many_requests,https://www.vastervik.se,,,,2019-03-25 22:07:32 +0100,2023-03-30 04:55:11 +0200,4,registrator@vastervik.se,kommun@vastervik.se
9793,Vimmerby kommun,,vimmerby_kommun,kommun kalmar not_many_requests,https://www.vimmerby.se,,,,2019-03-25 22:07:32 +0100,2023-03-30 04:55:11 +0200,4,registrator@vimmerby.se,kommun@vimmerby.se
9794,Borgholms kommun,,borgholms_kommun,kommun kalmar not_many_requests,https://www.borgholm.se,,,,2019-03-25 22:07:32 +0100,2025-01-10 04:56:21 +0100,4,registrator@borgholm.se,kommun@borgholm.se
9795,Gotland kommun,,gotland_kommun,kommun gotland not_many_requests,https://www.gotland.se,,,,2019-03-25 22:07:33 +0100,2023-05-25 10:55:57 +0200,5,registrator@gotland.se,kommun@gotland.se
9796,Olofströms kommun,,olofstroms_kommun,kommun blekinge not_many_requests,https://www.olofstrom.se,,,,2019-03-25 22:07:33 +0100,2025-01-17 04:55:32 +0100,4,registrator@olofstrom.se,kommun@olofstrom.se
9797,Karlskrona kommun,,karlskrona_kommun,kommun borlange not_many_requests,https://www.karlskrona.se,,,,2019-03-25 22:07:33 +0100,2025-01-16 04:55:28 +0100,4,registrator@karlskrona.se,kommun@karlskrona.se
9798,Ronneby kommun,,ronneby_kommun,kommun blekinge not_many_requests,https://www.ronneby.se,,,,2019-03-25 22:07:33 +0100,2023-03-30 04:55:11 +0200,4,registrator@ronneby.se,kommun@ronneby.se
9799,Karlshamns kommun,,karlshamns_kommun,kommun blekinge not_many_requests,https://www.karlshamn.se,,,,2019-03-25 22:07:33 +0100,2025-01-15 04:55:52 +0100,4,registrator@karlshamn.se,kommun@karlshamn.se
9800,Sölvesborgs kommun,,solvesborgs_kommun,kommun blekinge not_many_requests,https://www.solvesborg.se,,,,2019-03-25 22:07:33 +0100,2025-01-11 04:55:46 +0100,4,registrator@solvesborg.se,kommun@solvesborg.se
9801,Svalövs kommun,,svalovs_kommun,kommun skane not_many_requests,https://www.svalov.se,,,,2019-03-25 22:07:33 +0100,2023-03-30 04:55:11 +0200,4,registrator@svalov.se,kommun@svalov.se
9802,Staffanstorps kommun,,staffanstorps_kommun,kommun skane not_many_requests,https://www.staffanstorp.se,,,,2019-03-25 22:07:33 +0100,2025-01-15 04:55:52 +0100,4,registrator@staffanstorp.se,kommun@staffanstorp.se
9803,Burlövs kommun,,burlovs_kommun,kommun skane not_many_requests,https://www.burlov.se,,,,2019-03-25 22:07:33 +0100,2023-03-30 04:55:11 +0200,4,registrator@burlov.se,kommun@burlov.se
9804,Vellinge kommun,,vellinge_kommun,kommun skane not_many_requests,https://www.vellinge.se,,,,2019-03-25 22:07:33 +0100,2023-03-30 04:55:11 +0200,4,registrator@vellinge.se,kommun@vellinge.se
9805,Östra Göinge kommun,,ostra_goinge_kommun,kommun skane not_many_requests,https://www.ostragoinge.se,,,,2019-03-25 22:07:33 +0100,2025-01-21 04:55:33 +0100,4,registrator@ostragoinge.se,kommun@ostragoinge.se
9806,Örkelljunga kommun,,orkelljunga_kommun,kommun skane not_many_requests,https://www.orkelljunga.se,,,,2019-03-25 22:07:33 +0100,2025-10-23 04:55:06 +0200,4,registrator@orkelljunga.se,kommun@orkelljunga.se
9807,Bjuvs kommun,,bjuvs_kommun,kommun skane not_many_requests,https://www.bjuv.se,,,,2019-03-25 22:07:34 +0100,2023-03-30 04:55:11 +0200,4,registrator@bjuv.se,kommun@bjuv.se
9808,Kävlinge kommun,,kavlinge_kommun,kommun skane not_many_requests,https://www.kavlinge.se,,,,2019-03-25 22:07:34 +0100,2025-01-11 04:55:46 +0100,4,registrator@kavlinge.se,kommun@kavlinge.se
9809,Lomma kommun,,lomma_kommun,kommun skane not_many_requests,https://www.lomma.se,,,,2019-03-25 22:07:34 +0100,2023-09-27 04:55:14 +0200,5,registrator@lomma.se,kommun@lomma.se
9810,Svedala kommun,,svedala_kommun,kommun skane not_many_requests,https://www.svedala.se,,,,2019-03-25 22:07:34 +0100,2023-03-30 04:55:11 +0200,4,registrator@svedala.se,kommun@svedala.se
9811,Skurups kommun,,skurups_kommun,kommun skane not_many_requests,https://www.skurup.se,,,,2019-03-25 22:07:34 +0100,2025-01-11 04:55:46 +0100,4,registrator@skurup.se,kommun@skurup.se
9812,Sjöbo kommun,,sjobo_kommun,skane not_many_requests kommun,https://www.sjobo.se,,,,2019-03-25 22:07:34 +0100,2025-01-14 04:55:42 +0100,5,registrator@sjobo.se,kommun@sjobo.se
9813,Hörby kommun,,horby_kommun,kommun skane not_many_requests,https://www.horby.se,,,,2019-03-25 22:07:34 +0100,2025-01-01 04:55:14 +0100,4,registrator@horby.se,kommun@horby.se
9814,Höörs kommun,,hoors_kommun,kommun skane not_many_requests,https://www.hoor.se,,,,2019-03-25 22:07:34 +0100,2025-01-01 04:55:14 +0100,4,registrator@hoor.se,kommun@hoor.se
9815,Tomelilla kommun,,tomelilla_kommun,kommun skane not_many_requests,https://www.tomelilla.se,,,,2019-03-25 22:07:34 +0100,2023-03-30 04:55:11 +0200,4,registrator@tomelilla.se,kommun@tomelilla.se
9816,Bromölla kommun,,bromolla_kommun,kommun skane not_many_requests,https://www.bromolla.se,,,,2019-03-25 22:07:34 +0100,2025-01-03 04:55:30 +0100,4,registrator@bromolla.se,kommun@bromolla.se
9817,Osby kommun,,osby_kommun,kommun skane not_many_requests,https://www.osby.se,,,,2019-03-25 22:07:34 +0100,2025-01-14 04:55:42 +0100,4,registrator@osby.se,kommun@osby.se
9818,Perstorps kommun,,perstorps_kommun,kommun skane not_many_requests,https://www.perstorp.se,,,,2019-03-25 22:07:34 +0100,2025-01-14 04:55:42 +0100,4,registrator@perstorp.se,kommun@perstorp.se
9819,Klippans kommun,,klippans_kommun,kommun skane not_many_requests,https://www.klippan.se,,,,2019-03-25 22:07:35 +0100,2025-01-11 04:55:46 +0100,4,registrator@klippan.se,kommun@klippan.se
9820,Åstorps kommun,,astorps_kommun,kommun skane not_many_requests,https://www.astorp.se,,,,2019-03-25 22:07:35 +0100,2025-04-03 04:55:53 +0200,4,registrator@astorp.se,kommun@astorp.se
9821,Båstads kommun,,bastads_kommun,kommun skane not_many_requests,https://www.bastad.se,,,,2019-03-25 22:07:35 +0100,2025-01-09 04:55:26 +0100,4,registrator@bastad.se,kommun@bastad.se
9822,Malmö stad,,malmo_stad,kommun skane not_many_requests,https://www.malmo.se,,,,2019-03-25 22:07:35 +0100,2023-03-30 04:55:11 +0200,4,registrator@malmo.se,kommun@malmo.se
9823,Lunds kommun,,lunds_kommun,kommun skane,https://www.lund.se,,,,2019-03-25 22:07:35 +0100,2025-11-15 04:55:05 +0100,4,registrator@lund.se,kommun@lund.se
9824,Landskrona stad,,landskrona_stad,kommun skane not_many_requests,https://www.landskrona.se,,,,2019-03-25 22:07:35 +0100,2025-01-14 04:55:42 +0100,4,registrator@landskrona.se,kommun@landskrona.se
9825,Helsingborgs stad,,helsingborgs_stad,kommun skane not_many_requests,https://www.helsingborg.se,,,,2019-03-25 22:07:35 +0100,2023-03-30 04:55:11 +0200,4,registrator@helsingborg.se,kommun@helsingborg.se
9826,Höganäs kommun,,hoganas_kommun,kommun skane not_many_requests,https://www.hoganas.se,,,,2019-03-25 22:07:35 +0100,2023-03-30 04:55:11 +0200,4,registrator@hoganas.se,kommun@hoganas.se
9827,Eslövs kommun,,eslovs_kommun,kommun skane not_many_requests,https://www.eslov.se,,,,2019-03-25 22:07:35 +0100,2023-03-30 04:55:11 +0200,4,registrator@eslov.se,kommun@eslov.se
9828,Ystads kommun,,ystads_kommun,kommun skane not_many_requests,https://www.ystad.se,,,,2019-03-25 22:07:35 +0100,2025-08-01 04:55:06 +0200,4,registrator@ystad.se,kommun@ystad.se
9829,Trelleborgs kommun,,trelleborgs_kommun,kommun skane not_many_requests,https://www.trelleborg.se,,,,2019-03-25 22:07:36 +0100,2025-09-04 04:55:06 +0200,4,registrator@trelleborg.se,kommun@trelleborg.se
9830,Kristianstads kommun,,kristianstads_kommun,kommun skane not_many_requests,https://www.kristianstad.se,,,,2019-03-25 22:07:36 +0100,2025-08-28 04:55:06 +0200,4,registrator@kristianstad.se,kommun@kristianstad.se
9831,Simrishamns kommun,,simrishamns_kommun,kommun skane not_many_requests,https://www.simrishamn.se,,,,2019-03-25 22:07:36 +0100,2023-03-30 04:55:11 +0200,4,registrator@simrishamn.se,kommun@simrishamn.se
9832,Ängelholms kommun,,angelholms_kommun,kommun skane not_many_requests,https://www.engelholm.se,,,,2019-03-25 22:07:36 +0100,2023-10-13 04:55:15 +0200,4,registrator@engelholm.se,kommun@engelholm.se
9833,Hässleholms kommun,,hassleholms_kommun,kommun skane not_many_requests,https://www.hassleholm.se,,,,2019-03-25 22:07:36 +0100,2025-01-08 04:56:38 +0100,4,registrator@hassleholm.se,kommun@hassleholm.se
9834,Hylte kommun,,hylte_kommun,kommun halland not_many_requests,https://www.hylte.se,,,,2019-03-25 22:07:36 +0100,2025-01-08 04:56:38 +0100,4,registrator@hylte.se,kommun@hylte.se
9835,Halmstads kommun,,halmstads_kommun,halland kommun not_many_requests,https://www.halmstad.se,,,,2019-03-25 22:07:36 +0100,2025-01-01 04:55:15 +0100,4,registrator@halmstad.se,kommun@halmstad.se
9836,Laholms kommun,,laholms_kommun,kommun halland not_many_requests,https://www.laholm.se,,,,2019-03-25 22:07:36 +0100,2025-01-14 04:55:42 +0100,4,registrator@laholm.se,kommun@laholm.se
9837,Falkenbergs kommun,,falkenbergs_kommun,kommun halland not_many_requests,https://www.falkenberg.se,,,,2019-03-25 22:07:36 +0100,2025-08-19 04:55:06 +0200,4,registrator@falkenberg.se,kommun@falkenberg.se
9838,Varbergs kommun,,varbergs_kommun,kommun halland not_many_requests,https://www.varberg.se,,,,2019-03-25 22:07:36 +0100,2023-03-30 04:55:11 +0200,4,registrator@varberg.se,kommun@varberg.se
9839,Kungsbacka kommun,,kungsbacka_kommun,kommun halland not_many_requests,https://www.kungsbacka.se,,,,2019-03-25 22:07:36 +0100,2025-03-06 04:56:03 +0100,4,registrator@kungsbacka.se,kommun@kungsbacka.se
9840,Härryda kommun,,harryda_kommun,kommun skane not_many_requests,https://www.harryda.se,,,,2019-03-25 22:07:36 +0100,2025-01-04 04:55:25 +0100,4,registrator@harryda.se,kommun@harryda.se
9841,Partille kommun,,partille_kommun,kommun vastragotaland not_many_requests,https://www.partille.se,,,,2019-03-25 22:07:37 +0100,2023-03-30 04:55:11 +0200,4,registrator@partille.se,kommun@partille.se
9842,Öckerö kommun,,ockero_kommun,kommun vastragotaland not_many_requests,https://www.ockero.se,,,,2019-03-25 22:07:37 +0100,2025-01-16 04:55:29 +0100,4,registrator@ockero.se,kommun@ockero.se
9843,Stenungsunds kommun,,stenungsunds_kommun,kommun vastragotaland not_many_requests,https://www.stenungsund.se,,,,2019-03-25 22:07:37 +0100,2025-06-03 04:55:18 +0200,4,registrator@stenungsund.se,kommun@stenungsund.se
9844,Tjörns kommun,,tjorns_kommun,kommun vastagotaland not_many_requests,https://www.tjorn.se,,,,2019-03-25 22:07:37 +0100,2023-03-30 04:55:11 +0200,4,registrator@tjorn.se,kommun@tjorn.se
9845,Orust kommun,,orust_kommun,kommun vastragotaland not_many_requests,https://www.orust.se,,,,2019-03-25 22:07:37 +0100,2023-03-30 04:55:11 +0200,4,registrator@orust.se,kommun@orust.se
9846,Sotenäs kommun,,sotenas_kommun,kommun vastragotaland not_many_requests,https://www.sotenas.se,,,,2019-03-25 22:07:37 +0100,2025-01-11 04:55:47 +0100,4,registrator@sotenas.se,kommun@sotenas.se
9847,Munkedals kommun,,munkedals_kommun,kommun vastragotaland not_many_requests,https://www.munkedal.se,,,,2019-03-25 22:07:37 +0100,2025-04-02 04:56:13 +0200,4,registrator@munkedal.se,kommun@munkedal.se
9848,Tanums kommun,,tanums_kommun,kommun vastragotaland not_many_requests,https://www.tanum.se,,,,2019-03-25 22:07:37 +0100,2023-03-30 04:55:11 +0200,4,registrator@tanum.se,kommun@tanum.se
9849,Dals-Eds kommun,,dals_eds_kommun,kommun vastragotaland not_many_requests,https://www.dalsed.se,,,,2019-03-25 22:07:37 +0100,2025-04-03 04:55:53 +0200,4,registrator@dalsed.se,kommun@dalsed.se
9850,Färgelanda kommun,,fargelanda_kommun,kommun vastragotaland not_many_requests,https://www.fargelanda.se,,,,2019-03-25 22:07:37 +0100,2025-01-01 04:55:15 +0100,4,registrator@fargelanda.se,kommun@fargelanda.se
9851,Ale kommun,,ale_kommun,kommun vastragotaland not_many_requests,https://www.ale.se,,,,2019-03-25 22:07:37 +0100,2024-12-21 04:55:30 +0100,4,registrator@ale.se,kommun@ale.se
9852,Lerums kommun,,lerums_kommun,kommun vastragotaland not_many_requests,https://www.lerum.se,,,,2019-03-25 22:07:37 +0100,2025-02-12 04:55:41 +0100,4,registrator@lerum.se,kommun@lerum.se
9853,Vårgårda kommun,,vargarda_kommun,kommun vastragotaland not_many_requests,https://www.vargarda.se,,,,2019-03-25 22:07:38 +0100,2023-03-30 04:55:12 +0200,4,registrator@vargarda.se,kommun@vargarda.se
9854,Bollebygds kommun,,bollebygds_kommun,kommun vastragotaland not_many_requests,https://www.bollebygd.se,,,,2019-03-25 22:07:38 +0100,2025-08-01 04:55:06 +0200,4,registrator@bollebygd.se,kommun@bollebygd.se
9855,Grästorps kommun,,grastorps_kommun,kommun vastragotaland not_many_requests,https://www.grastorp.se,,,,2019-03-25 22:07:38 +0100,2023-03-30 04:55:12 +0200,4,registrator@grastorp.se,kommun@grastorp.se
9856,Essunga kommun,,essunga_kommun,kommun vastragotaland not_many_requests,https://www.essunga.se,,,,2019-03-25 22:07:38 +0100,2025-01-01 04:55:15 +0100,4,registrator@essunga.se,kommun@essunga.se
9857,Karlsborgs kommun,,karlsborgs_kommun,kommun vastragotaland not_many_requests,https://www.karlsborg.se,,,,2019-03-25 22:07:38 +0100,2025-01-11 04:55:47 +0100,4,registrator@karlsborg.se,kommun@karlsborg.se
9858,Gullspångs kommun,,gullspangs_kommun,kommun vastragotaland not_many_requests,https://www.gullspang.se,,,,2019-03-25 22:07:38 +0100,2023-03-30 04:55:12 +0200,4,registrator@gullspang.se,kommun@gullspang.se
9859,Tranemo kommun,,tranemo_kommun,kommun vastragotaland not_many_requests,https://www.tranemo.se,,,,2019-03-25 22:07:38 +0100,2023-03-30 04:55:12 +0200,4,registrator@tranemo.se,kommun@tranemo.se
9860,Bengtsfors kommun,,bengtsfors_kommun,kommun vastragotaland not_many_requests,https://www.bengtsfors.se,,,,2019-03-25 22:07:38 +0100,2025-01-14 04:55:43 +0100,4,registrator@bengtsfors.se,kommun@bengtsfors.se
9861,Melleruds kommun,,melleruds_kommun,kommun vastragotaland not_many_requests,https://www.mellerud.se,,,,2019-03-25 22:07:38 +0100,2024-02-21 04:55:16 +0100,4,registrator@mellerud.se,kommun@mellerud.se
9862,Lilla Edets kommun,,lilla_edets_kommun,kommun vastragotaland not_many_requests,https://www.lillaedet.se,,,,2019-03-25 22:07:38 +0100,2023-03-30 04:55:12 +0200,4,registrator@lillaedet.se,kommun@lillaedet.se
9863,Marks kommun,,marks_kommun,kommun vastragotaland not_many_requests,https://www.mark.se,,,,2019-03-25 22:07:38 +0100,2024-03-23 04:55:24 +0100,4,registrator@mark.se,kommun@mark.se
9864,Svenljunga kommun,,svenljunga_kommun,kommun vastragotaland not_many_requests,https://www.svenljunga.se,,,,2019-03-25 22:07:38 +0100,2025-04-03 04:55:53 +0200,4,registrator@svenljunga.se,kommun@svenljunga.se
9865,Herrljunga kommun,,herrljunga_kommun,kommun vastragotaland not_many_requests,https://www.herrljunga.se,,,,2019-03-25 22:07:39 +0100,2023-03-30 04:55:12 +0200,4,registrator@herrljunga.se,kommun@herrljunga.se
9866,Vara kommun,,vara_kommun,kommun vastragotaland not_many_requests,https://www.vara.se,,,,2019-03-25 22:07:39 +0100,2025-01-25 04:55:41 +0100,4,registrator@vara.se,kommun@vara.se
9867,Götene kommun,,gotene_kommun,kommun vastragotaland not_many_requests,https://www.gotene.se,,,,2019-03-25 22:07:39 +0100,2025-01-01 04:55:15 +0100,4,registrator@gotene.se,kommun@gotene.se
9868,Tibro kommun,,tibro_kommun,kommun vastragotaland not_many_requests,https://www.tibro.se,,,,2019-03-25 22:07:39 +0100,2023-03-30 04:55:12 +0200,4,registrator@tibro.se,kommun@tibro.se
9869,Töreboda kommun,,toreboda_kommun,kommun vastragotaland not_many_requests,https://www.toreboda.se,,,,2019-03-25 22:07:39 +0100,2025-01-30 04:55:20 +0100,4,registrator@toreboda.se,kommun@toreboda.se
9870,Göteborgs stad,,goteborgs_stad,kommun vastragotaland not_many_requests,https://www.goteborg.se,,,,2019-03-25 22:07:39 +0100,2023-03-30 04:55:12 +0200,4,registrator@goteborg.se,kommun@goteborg.se
9872,Kungälvs kommun,,kungalvs_kommun,kommun vastragotaland not_many_requests,https://www.kungalv.se,,,,2019-03-25 22:07:39 +0100,2023-03-30 04:55:12 +0200,4,registrator@kungalv.se,kommun@kungalv.se
9873,Lysekils kommun,,lysekils_kommun,kommun vastragotaland not_many_requests,https://www.lysekil.se,,,,2019-03-25 22:07:39 +0100,2023-03-30 04:55:12 +0200,4,registrator@lysekil.se,kommun@lysekil.se
9874,Uddevalla kommun,,uddevalla_kommun,kommun vastragotaland not_many_requests,https://www.uddevalla.se,,,,2019-03-25 22:07:39 +0100,2023-03-30 04:55:12 +0200,4,registrator@uddevalla.se,kommun@uddevalla.se
9875,Strömstads kommun,,stromstads_kommun,kommun vastragotaland not_many_requests,https://www.stromstad.se,,,,2019-03-25 22:07:39 +0100,2025-01-15 04:55:54 +0100,4,registrator@stromstad.se,kommun@stromstad.se
9876,Vänersborgs kommun,,vanersborgs_kommun,kommun vastragotaland not_many_requests,https://www.vanersborg.se,,,,2019-03-25 22:07:39 +0100,2025-10-02 04:55:06 +0200,4,registrator@vanersborg.se,kommun@vanersborg.se
9877,Trollhättans stad,,trollhattans_stad,kommun vastragotaland not_many_requests,https://www.trollhattan.se,,,,2019-03-25 22:07:40 +0100,2025-01-29 04:55:15 +0100,4,registrator@trollhattan.se,kommun@trollhattan.se
9878,Alingsås kommun,,alingsas_kommun,kommun vastragotaland not_many_requests,https://www.alingsas.se,,,,2019-03-25 22:07:40 +0100,2025-01-11 04:55:48 +0100,4,registrator@alingsas.se,kommun@alingsas.se
9879,Borås stad,,boras_stad,kommun vastragotaland not_many_requests,https://www.boras.se,,,,2019-03-25 22:07:40 +0100,2025-01-04 04:55:25 +0100,4,registrator@boras.se,kommun@boras.se
9880,Ulricehamns kommun,,ulricehamns_kommun,kommun vastragotaland not_many_requests,https://www.ulricehamn.se,,,,2019-03-25 22:07:40 +0100,2023-03-30 04:55:12 +0200,4,registrator@ulricehamn.se,kommun@ulricehamn.se
9881,Åmåls kommun,,amals_kommun,kommun vastragotaland not_many_requests,https://www.amal.se,,,,2019-03-25 22:07:40 +0100,2025-01-08 04:56:38 +0100,4,registrator@amal.se,kommun@amal.se
9882,Mariestads kommun,,mariestads_kommun,kommun vastragotaland not_many_requests,https://www.mariestad.se,,,,2019-03-25 22:07:40 +0100,2025-02-08 04:55:31 +0100,4,registrator@mariestad.se,kommun@mariestad.se
9883,Lidköpings kommun,,lidkopings_kommun,kommun vastragotaland not_many_requests,https://www.lidkoping.se,,,,2019-03-25 22:07:40 +0100,2023-03-30 04:55:12 +0200,4,registrator@lidkoping.se,kommun@lidkoping.se
9884,Skara kommun,,skara_kommun,kommun vastragotaland not_many_requests,https://www.skara.se,,,,2019-03-25 22:07:40 +0100,2023-03-30 04:55:12 +0200,4,registrator@skara.se,kommun@skara.se
9885,Skövde kommun,,skovde_kommun,kommun vastragotaland not_many_requests,https://www.skovde.se,,,,2019-03-25 22:07:40 +0100,2023-03-30 04:55:12 +0200,4,registrator@skovde.se,kommun@skovde.se
9886,Hjo kommun,,hjo_kommun,kommun vastragotaland not_many_requests,https://www.hjo.se,,,,2019-03-25 22:07:40 +0100,2025-01-01 04:55:15 +0100,4,registrator@hjo.se,kommun@hjo.se
9887,Tidaholms kommun,,tidaholms_kommun,kommun vastragotaland not_many_requests,https://www.tidaholm.se,,,,2019-03-25 22:07:40 +0100,2025-01-23 04:55:17 +0100,4,registrator@tidaholm.se,kommun@tidaholm.se
9888,Falköpings kommun,,falkopings_kommun,kommun vastragotaland not_many_requests,https://www.falkoping.se,,,,2019-03-25 22:07:41 +0100,2023-03-30 04:55:12 +0200,4,registrator@falkoping.se,kommun@falkoping.se
9889,Kils kommun,,kils_kommun,kommun varmland not_many_requests,https://www.kil.se,,,,2019-03-25 22:07:41 +0100,2023-03-30 04:55:12 +0200,4,registrator@kil.se,kommun@kil.se
9890,Eda kommun,,eda_kommun,kommun varmland not_many_requests,https://www.eda.se,,,,2019-03-25 22:07:41 +0100,2025-04-03 04:55:54 +0200,4,registrator@eda.se,kommun@eda.se
9891,Torsby kommun,,torsby_kommun,kommun varmland not_many_requests,https://www.torsby.se,,,,2019-03-25 22:07:41 +0100,2025-01-25 04:55:41 +0100,4,registrator@torsby.se,kommun@torsby.se
9892,Storfors kommun,,storfors_kommun,kommun varmland not_many_requests,https://www.storfors.se,,,,2019-03-25 22:07:41 +0100,2023-03-30 04:55:12 +0200,4,registrator@storfors.se,kommun@storfors.se
9893,Hammarö kommun,,hammaro_kommun,kommun varmland not_many_requests,https://www.hammaro.se,,,,2019-03-25 22:07:41 +0100,2023-03-30 04:55:12 +0200,4,registrator@hammaro.se,kommun@hammaro.se
9894,Munkfors kommun,,munkfors_kommun,kommun varmland not_many_requests,https://www.munkfors.se,,,,2019-03-25 22:07:41 +0100,2025-01-14 04:55:44 +0100,4,registrator@munkfors.se,kommun@munkfors.se
9895,Forshaga kommun,,forshaga_kommun,kommun varmland not_many_requests,https://www.forshaga.se,,,,2019-03-25 22:07:41 +0100,2023-03-30 04:55:12 +0200,4,registrator@forshaga.se,kommun@forshaga.se
9896,Grums kommun,,grums_kommun,kommun varmland not_many_requests,https://www.grums.se,,,,2019-03-25 22:07:41 +0100,2025-01-01 04:55:16 +0100,4,registrator@grums.se,kommun@grums.se
9897,Årjängs kommun,,arjangs_kommun,kommun varmland not_many_requests,https://www.arjang.se,,,,2019-03-25 22:07:41 +0100,2023-03-30 04:55:12 +0200,4,registrator@arjang.se,kommun@arjang.se
9898,Sunne kommun,,sunne_kommun,kommun varmland not_many_requests,https://www.sunne.se,,,,2019-03-25 22:07:41 +0100,2023-03-30 04:55:12 +0200,4,registrator@sunne.se,kommun@sunne.se
9899,Karlstads kommun,,karlstads_kommun,kommun varmland not_many_requests,https://www.karlstad.se,,,,2019-03-25 22:07:41 +0100,2025-04-06 04:55:44 +0200,4,registrator@karlstad.se,kommun@karlstad.se
9900,Kristinehamns kommun,,kristinehamns_kommun,kommun varmland not_many_requests,https://www.kristinehamn.se,,,,2019-03-25 22:07:41 +0100,2025-01-14 04:55:44 +0100,4,registrator@kristinehamn.se,kommun@kristinehamn.se
9901,Filipstads kommun,,filipstads_kommun,kommun varmland not_many_requests,https://www.filipstad.se,,,,2019-03-25 22:07:42 +0100,2025-01-10 04:56:23 +0100,4,registrator@filipstad.se,kommun@filipstad.se
9902,Hagfors kommun,,hagfors_kommun,kommun varmland not_many_requests,https://www.hagfors.se,,,,2019-03-25 22:07:42 +0100,2025-01-09 04:55:28 +0100,4,registrator@hagfors.se,kommun@hagfors.se
9903,Arvika kommun,,arvika_kommun,kommun varmland not_many_requests,https://www.arvika.se,,,,2019-03-25 22:07:42 +0100,2023-03-30 04:55:12 +0200,4,registrator@arvika.se,kommun@arvika.se
9904,Säffle kommun,,saffle_kommun,kommun varmland not_many_requests,https://www.saffle.se,,,,2019-03-25 22:07:42 +0100,2023-03-30 04:55:12 +0200,4,registrator@saffle.se,kommun@saffle.se
9905,Lekebergs kommun,,lekebergs_kommun,kommun orebro not_many_requests,https://www.lekeberg.se,,,,2019-03-25 22:07:42 +0100,2025-01-21 04:55:35 +0100,4,registrator@lekeberg.se,kommun@lekeberg.se
9906,Laxå kommun,,laxa_kommun,kommun orebro not_many_requests,https://www.laxa.se,,,,2019-03-25 22:07:42 +0100,2025-01-14 04:55:44 +0100,4,registrator@laxa.se,kommun@laxa.se
9907,Hallsbergs kommun,,hallsbergs_kommun,kommun orebro not_many_requests,https://www.hallsberg.se,,,,2019-03-25 22:07:42 +0100,2023-03-30 04:55:12 +0200,4,registrator@hallsberg.se,kommun@hallsberg.se
9908,Degerfors kommun,,degerfors_kommun,kommun orebro not_many_requests,https://www.degerfors.se,,,,2019-03-25 22:07:42 +0100,2025-01-09 04:55:28 +0100,4,registrator@degerfors.se,kommun@degerfors.se
9909,Hällefors kommun,,hallefors_kommun,kommun orebro not_many_requests,https://www.hellefors.se,,,,2019-03-25 22:07:42 +0100,2025-01-01 04:55:16 +0100,4,registrator@hellefors.se,kommun@hellefors.se
9910,Ljusnarsbergs kommun,,ljusnarsbergs_kommun,kommun orebro not_many_requests,https://www.ljusnarsberg.se,,,,2019-03-25 22:07:42 +0100,2025-05-03 04:58:21 +0200,4,registrator@ljusnarsberg.se,kommun@ljusnarsberg.se
9911,Örebro kommun,,orebro_kommun,kommun orebro not_many_requests,https://www.orebro.se,,,,2019-03-25 22:07:42 +0100,2025-01-18 04:55:47 +0100,4,registrator@orebro.se,kommun@orebro.se
9912,Kumla kommun,,kumla_kommun,kommun orebro not_many_requests,https://www.kumla.se,,,,2019-03-25 22:07:42 +0100,2023-03-30 04:55:12 +0200,4,registrator@kumla.se,kommun@kumla.se
9913,Askersunds kommun,,askersunds_kommun,kommun orebro not_many_requests,https://www.askersund.se,,,,2019-03-25 22:07:42 +0100,2025-04-03 04:55:54 +0200,4,registrator@askersund.se,kommun@askersund.se
9914,Karlskoga kommun,,karlskoga_kommun,kommun orebro not_many_requests,https://www.karlskoga.se,,,,2019-03-25 22:07:43 +0100,2023-03-30 04:55:12 +0200,4,registrator@karlskoga.se,kommun@karlskoga.se
9915,Nora kommun,,nora_kommun,kommun orebro not_many_requests,https://www.nora.se,,,,2019-03-25 22:07:43 +0100,2023-03-30 04:55:12 +0200,4,registrator@nora.se,kommun@nora.se
9916,Lindesbergs kommun,,lindesbergs_kommun,kommun orebro not_many_requests,https://www.lindesberg.se,,,,2019-03-25 22:07:43 +0100,2023-03-30 04:55:12 +0200,4,registrator@lindesberg.se,kommun@lindesberg.se
9917,Skinnskattebergs kommun,,skinnskattebergs_kommun,kommun vastmanland not_many_requests,https://www.skinnskatteberg.se,,,,2019-03-25 22:07:43 +0100,2025-01-11 04:55:48 +0100,4,registrator@skinnskatteberg.se,kommun@skinnskatteberg.se
9918,Surahammars kommun,,surahammars_kommun,kommun vastmanland not_many_requests,https://www.surahammar.se,,,,2019-03-25 22:07:43 +0100,2025-08-01 04:55:07 +0200,4,registrator@surahammar.se,kommun@surahammar.se
9919,Kungsörs kommun,,kungsors_kommun,kommun vastmanland not_many_requests,https://www.kungsor.se,,,,2019-03-25 22:07:43 +0100,2025-01-14 04:55:44 +0100,4,registrator@kungsor.se,kommun@kungsor.se
9920,Hallstahammars kommun,,hallstahammars_kommun,kommun vastmanland not_many_requests,https://www.hallstahammar.se,,,,2019-03-25 22:07:43 +0100,2025-01-11 04:55:48 +0100,4,registrator@hallstahammar.se,kommun@hallstahammar.se
9921,Norbergs kommun,,norbergs_kommun,kommun vastmanland not_many_requests,https://www.norberg.se,,,,2019-03-25 22:07:43 +0100,2025-04-03 04:55:54 +0200,4,registrator@norberg.se,kommun@norberg.se
9922,Västerås stad,,vasteras_stad,kommun vastmanland not_many_requests,https://www.vasteras.se,,,,2019-03-25 22:07:43 +0100,2025-01-25 04:55:42 +0100,6,registrator@vasteras.se,kommun@vasteras.se
9923,Sala kommun,,sala_kommun,kommun vastmanland not_many_requests,https://www.sala.se,,,,2019-03-25 22:07:43 +0100,2025-01-14 04:55:44 +0100,4,registrator@sala.se,kommun@sala.se
9924,Fagersta kommun,,fagersta_kommun,kommun vastmanland not_many_requests,https://www.fagersta.se,,,,2019-03-25 22:07:43 +0100,2023-03-30 04:55:13 +0200,4,registrator@fagersta.se,kommun@fagersta.se
9925,Köpings kommun,,kopings_kommun,kommun vastmanland not_many_requests,https://www.koping.se,,,,2019-03-25 22:07:44 +0100,2023-06-23 04:55:15 +0200,4,registrator@koping.se,kommun@koping.se
9926,Arboga kommun,,arboga_kommun,kommun vastmanland not_many_requests,https://www.arboga.se,,,,2019-03-25 22:07:44 +0100,2025-08-19 04:55:07 +0200,4,registrator@arboga.se,kommun@arboga.se
9927,Vansbro kommun,,vansbro_kommun,kommun dalarna not_many_requests,https://www.vansbro.se,,,,2019-03-25 22:07:44 +0100,2023-03-30 04:55:13 +0200,4,registrator@vansbro.se,kommun@vansbro.se
9928,Malung-Sälens kommun,,malung_salens_kommun,kommun dalarna not_many_requests,https://www.malung-salen.se,,,,2019-03-25 22:07:44 +0100,2023-03-30 04:55:13 +0200,4,registrator@malung-salen.se,kommun@malung-salen.se
9929,Gagnefs kommun,,gagnefs_kommun,kommun dalarna not_many_requests,https://www.gagnef.se,,,,2019-03-25 22:07:44 +0100,2025-01-04 04:55:26 +0100,4,registrator@gagnef.se,kommun@gagnef.se
9930,Leksands kommun,,leksands_kommun,kommun dalarna not_many_requests,https://www.leksand.se,,,,2019-03-25 22:07:44 +0100,2023-03-30 04:55:13 +0200,4,registrator@leksand.se,kommun@leksand.se
9931,Rättviks kommun,,rattviks_kommun,kommun dalarna not_many_requests,https://www.rattvik.se,,,,2019-03-25 22:07:44 +0100,2025-01-14 04:55:45 +0100,4,registrator@rattvik.se,kommun@rattvik.se
9932,Orsa kommun,,orsa_kommun,kommun dalarna not_many_requests,https://www.orsa.se,,,,2019-03-25 22:07:44 +0100,2025-01-14 04:55:45 +0100,4,registrator@orsa.se,kommun@orsa.se
9933,Älvdalens kommun,,alvdalens_kommun,kommun dalarna not_many_requests,https://www.alvdalen.se,,,,2019-03-25 22:07:44 +0100,2025-01-01 04:55:16 +0100,4,registrator@alvdalen.se,kommun@alvdalen.se
9934,Smedjebackens kommun,,smedjebackens_kommun,kommun dalarna not_many_requests,https://www.smedjebacken.se,,,,2019-03-25 22:07:44 +0100,2023-03-30 04:55:13 +0200,4,registrator@smedjebacken.se,kommun@smedjebacken.se
9935,Mora kommun,,mora_kommun,kommun dalarna not_many_requests,https://www.mora.se,,,,2019-03-25 22:07:44 +0100,2025-01-14 04:55:45 +0100,4,registrator@mora.se,kommun@mora.se
9936,Falu kommun,,falu_kommun,kommun dalarna not_many_requests,https://www.falun.se,,,,2019-03-25 22:07:44 +0100,2025-04-04 04:55:48 +0200,4,registrator@falun.se,kommun@falun.se
9937,Borlänge kommun,,borlange_kommun,kommun dalarna not_many_requests,https://www.borlange.se,,,,2019-03-25 22:07:45 +0100,2025-01-08 04:56:39 +0100,4,registrator@borlange.se,kommun@borlange.se
9938,Säters kommun,,saters_kommun,kommun dalarna not_many_requests,https://www.sater.se,,,,2019-03-25 22:07:45 +0100,2023-03-30 04:55:13 +0200,4,registrator@sater.se,kommun@sater.se
9939,Hedemora kommun,,hedemora_kommun,kommun dalarna not_many_requests,https://www.hedemora.se,,,,2019-03-25 22:07:45 +0100,2025-01-01 04:55:17 +0100,4,registrator@hedemora.se,kommun@hedemora.se
9940,Avesta kommun,,avesta_kommun,kommun dalarna not_many_requests,https://www.avesta.se,,,,2019-03-25 22:07:45 +0100,2023-03-30 04:55:13 +0200,4,registrator@avesta.se,kommun@avesta.se
9941,Ludvika kommun,,ludvika_kommun,kommun dalarna not_many_requests,https://www.ludvika.se,,,,2019-03-25 22:07:45 +0100,2023-03-30 04:55:13 +0200,4,registrator@ludvika.se,kommun@ludvika.se
